"Date","Price","Open","High","Low","Vol.","Change %"
"Jul 27, 2022","3.1257","3.1006","3.1376","3.0793","-","1.42%"
"Jul 26, 2022","3.0818","3.1021","3.1934","3.0417","7.89K","-1.11%"
"Jul 25, 2022","3.1163","2.9957","3.1258","2.9783","6.01K","3.20%"
"Jul 24, 2022","3.0198","3.2321","3.2367","3.0191","-","-0.23%"
"Jul 22, 2022","3.0268","2.9882","3.0655","2.9383","6.82K","0.96%"
"Jul 21, 2022","2.9979","3.1060","3.1060","2.8911","6.86K","-4.39%"
"Jul 20, 2022","3.1356","3.1614","3.1757","3.1104","4.72K","-1.05%"
"Jul 19, 2022","3.1689","3.1280","3.1755","3.0646","4.30K","1.55%"
"Jul 18, 2022","3.1204","3.0688","3.1835","3.0668","5.71K","-2.49%"
"Jul 17, 2022","3.2001","3.2146","3.2146","3.1946","-","4.78%"
"Jul 15, 2022","3.0541","3.0213","3.1102","2.9712","4.71K","1.22%"
"Jul 14, 2022","3.0172","3.0840","3.1164","2.9366","7.63K","-2.06%"
"Jul 13, 2022","3.0806","3.1105","3.1404","3.0175","8.00K","-1.22%"
"Jul 12, 2022","3.1185","3.2650","3.2650","3.0839","4.30K","-5.79%"
"Jul 11, 2022","3.3103","3.2526","3.3221","3.2074","4.56K","-3.41%"
"Jul 10, 2022","3.4270","3.4383","3.4398","3.4182","-","-0.58%"
"Jul 08, 2022","3.4471","3.4126","3.4818","3.3481","2.42K","0.78%"
"Jul 07, 2022","3.4204","3.2540","3.4848","3.2189","4.19K","5.68%"
"Jul 06, 2022","3.2366","3.3950","3.4000","3.1918","3.05K","-2.78%"
"Jul 05, 2022","3.3290","3.6732","3.7354","3.2738","5.09K","-10.47%"
"Jul 04, 2022","3.7182","3.6645","3.7478","3.6414","1.05K","1.25%"
"Jul 03, 2022","3.6722","3.6608","3.6827","3.6592","-","-0.42%"
"Jul 01, 2022","3.6878","3.5571","3.7330","3.5075","4.88K","8.40%"
"Jun 30, 2022","3.4019","3.5394","3.5395","3.3442","9.21K","-8.63%"
"Jun 29, 2022","3.7233","3.8043","3.8653","3.6554","10.11K","-3.14%"
"Jun 28, 2022","3.8442","3.7671","3.8500","3.6953","64.71K","2.79%"
"Jun 27, 2022","3.7399","3.7709","3.8290","3.7150","65.18K","-0.64%"
"Jun 26, 2022","3.7641","3.7470","3.7660","3.7341","-","-0.47%"
"Jun 24, 2022","3.7817","3.6390","3.7892","3.6252","55.98K","3.30%"
"Jun 23, 2022","3.6610","3.7108","3.7686","3.6129","64.90K","-1.84%"
"Jun 22, 2022","3.7298","3.7056","3.7416","3.5566","66.02K","0.93%"
"Jun 21, 2022","3.6953","3.7593","3.8324","3.6077","73.81K","-3.98%"
"Jun 20, 2022","3.8483","3.8345","3.8551","3.7136","-","0.38%"
"Jun 19, 2022","3.8338","3.8445","3.8583","3.8300","-","4.15%"
"Jun 17, 2022","3.6812","3.8055","3.8429","3.5524","73.65K","-4.23%"
"Jun 16, 2022","3.8438","3.7739","3.8537","3.6940","50.47K","1.94%"
"Jun 15, 2022","3.7705","3.8565","3.8877","3.7432","58.11K","-1.86%"
"Jun 14, 2022","3.8419","3.8786","3.9779","3.7927","51.71K","-1.31%"
"Jun 13, 2022","3.8929","3.9961","3.9967","3.8259","64.11K","-5.67%"
"Jun 12, 2022","4.1267","4.1433","4.1533","4.1227","-","3.23%"
"Jun 10, 2022","3.9976","4.0500","4.1237","3.9542","52.56K","-2.11%"
"Jun 09, 2022","4.0839","4.0462","4.1153","3.9948","50.11K","1.02%"
"Jun 08, 2022","4.0425","3.9944","4.0638","3.9136","64.08K","1.60%"
"Jun 07, 2022","3.9788","4.0119","4.0335","3.8911","63.60K","-0.29%"
"Jun 06, 2022","3.9904","4.0787","4.0875","3.9769","39.39K","-7.51%"
"Jun 05, 2022","4.3144","4.3073","4.3224","4.2966","-","7.12%"
"Jun 03, 2022","4.0278","4.0083","4.0810","3.9452","33.07K","1.39%"
"Jun 02, 2022","3.9726","3.8727","4.0159","3.7882","51.48K","2.62%"
"Jun 01, 2022","3.8712","3.7910","3.9071","3.7734","46.39K","3.36%"
"May 31, 2022","3.7455","3.7398","3.8667","3.7333","48.15K","-4.99%"
"May 30, 2022","3.9421","3.9207","3.9438","3.8951","-","0.52%"
"May 29, 2022","3.9218","3.9059","3.9219","3.9019","-","4.42%"
"May 27, 2022","3.7558","3.6574","3.7643","3.6229","30.54K","2.86%"
"May 26, 2022","3.6515","3.5702","3.6857","3.5696","33.33K","2.02%"
"May 25, 2022","3.5793","3.5421","3.5956","3.5335","38.00K","1.31%"
"May 24, 2022","3.5331","3.4501","3.5400","3.4115","52.06K","0.13%"
"May 23, 2022","3.5284","3.5347","3.5627","3.4406","32.83K","-8.16%"
"May 22, 2022","3.8418","3.8389","3.8441","3.8239","-","8.95%"
"May 20, 2022","3.5263","3.4953","3.5596","3.4817","30.79K","0.36%"
"May 19, 2022","3.5138","3.4318","3.5199","3.2904","37.55K","2.01%"
"May 18, 2022","3.4445","3.6171","3.6403","3.4154","47.89K","-4.30%"
"May 17, 2022","3.5994","3.6425","3.6824","3.5714","24.77K","-1.45%"
"May 16, 2022","3.6523","3.6340","3.6857","3.5533","26.08K","-8.72%"
"May 15, 2022","4.0011","3.9822","4.0120","3.9794","-","10.97%"
"May 13, 2022","3.6055","3.5170","3.6159","3.5170","29.17K","3.36%"
"May 12, 2022","3.4884","3.4357","3.5070","3.3746","31.68K","1.34%"
"May 11, 2022","3.4422","3.2970","3.4570","3.2952","27.98K","3.91%"
"May 10, 2022","3.3128","3.3751","3.4197","3.2829","22.84K","-2.61%"
"May 09, 2022","3.4016","3.5492","3.5564","3.3732","29.33K","-10.30%"
"May 08, 2022","3.7921","3.7888","3.7983","3.7858","-","7.25%"
"May 06, 2022","3.5358","3.4852","3.5750","3.4426","34.53K","1.96%"
"May 05, 2022","3.4678","3.4543","3.5207","3.4044","18.25K","0.44%"
"May 04, 2022","3.4525","3.3521","3.4734","3.3401","28.07K","4.37%"
"May 03, 2022","3.3080","3.2960","3.3422","3.2572","26.50K","-0.20%"
"May 02, 2022","3.3145","3.2329","3.3354","3.1835","15.81K","-3.42%"
"May 01, 2022","3.4317","3.4264","3.4409","3.4226","-","4.91%"
"Apr 29, 2022","3.2711","3.2774","3.3259","3.2450","21.30K","-0.68%"
"Apr 28, 2022","3.2934","3.1962","3.3008","3.1854","27.54K","2.06%"
"Apr 27, 2022","3.2270","3.1888","3.2420","3.1410","25.53K","2.10%"
"Apr 26, 2022","3.1605","3.0983","3.1961","3.0657","21.59K","2.30%"
"Apr 25, 2022","3.0894","3.1342","3.1342","2.9974","10.19K","-5.06%"
"Apr 24, 2022","3.2539","3.2666","3.2672","3.2420","-","2.98%"
"Apr 22, 2022","3.1596","3.1365","3.1792","3.1238","13.02K","-1.01%"
"Apr 21, 2022","3.1918","3.1679","3.2106","3.1363","14.11K","1.41%"
"Apr 20, 2022","3.1475","3.1401","3.1657","3.0759","19.79K","0.63%"
"Apr 19, 2022","3.1277","3.2268","3.2450","3.0996","12.34K","-3.70%"
"Apr 18, 2022","3.2478","3.2782","3.3098","3.2068","9.09K","-4.94%"
"Apr 17, 2022","3.4165","3.4040","3.4238","3.4019","-","5.36%"
"Apr 14, 2022","3.2428","3.1559","3.2555","3.1120","19.86K","2.54%"
"Apr 13, 2022","3.1626","3.0537","3.1694","3.0317","19.45K","3.79%"
"Apr 12, 2022","3.0472","2.9527","3.0582","2.9326","14.63K","4.86%"
"Apr 11, 2022","2.9061","2.9959","2.9959","2.8910","11.83K","-5.90%"
"Apr 10, 2022","3.0883","3.1253","3.1265","3.0861","-","2.71%"
"Apr 08, 2022","3.0067","2.9499","3.0127","2.9081","14.40K","2.62%"
"Apr 07, 2022","2.9299","2.9488","2.9779","2.8813","16.97K","0.44%"
"Apr 06, 2022","2.9172","3.0166","3.0581","2.9020","13.84K","-3.35%"
"Apr 05, 2022","3.0184","3.0500","3.0811","2.9604","11.47K","-0.52%"
"Apr 04, 2022","3.0342","2.9542","3.0669","2.9542","11.65K","-3.26%"
"Apr 03, 2022","3.1366","3.1380","3.1433","3.1272","-","5.14%"
"Apr 01, 2022","2.9834","2.9519","2.9898","2.9080","12.89K","1.04%"
"Mar 31, 2022","2.9526","3.0058","3.0351","2.9383","12.35K","-3.98%"
"Mar 30, 2022","3.0749","3.0195","3.0835","3.0034","7.39K","3.55%"
"Mar 29, 2022","2.9696","3.0199","3.0385","2.8467","9.98K","-0.49%"
"Mar 28, 2022","2.9842","3.1156","3.1162","2.9231","8.57K","-11.30%"
"Mar 27, 2022","3.3643","3.3739","3.3946","3.3636","-","6.09%"
"Mar 25, 2022","3.1711","3.1170","3.1742","3.0403","7.09K","1.97%"
"Mar 24, 2022","3.1097","3.1655","3.1655","3.0744","8.81K","-1.46%"
"Mar 23, 2022","3.1559","3.0392","3.1679","3.0392","7.86K","3.58%"
"Mar 22, 2022","3.0467","3.1097","3.1097","3.0190","6.24K","-0.50%"
"Mar 21, 2022","3.0620","2.9402","3.0860","2.9402","8.93K","-6.17%"
"Mar 20, 2022","3.2634","3.2431","3.2664","3.2229","-","10.86%"
"Mar 18, 2022","2.9437","2.9324","2.9659","2.8931","6.54K","0.78%"
"Mar 17, 2022","2.9208","2.7500","2.9283","2.7500","10.26K","6.82%"
"Mar 16, 2022","2.7343","2.8287","2.8321","2.7092","8.64K","-0.90%"
"Mar 15, 2022","2.7591","2.8096","2.8096","2.6995","9.18K","-3.99%"
"Mar 14, 2022","2.8739","2.9068","2.9339","2.8303","6.84K","-12.11%"
"Mar 13, 2022","3.2700","3.3093","3.3101","3.2513","-","8.92%"
"Mar 11, 2022","3.0021","2.8462","3.0033","2.8277","9.45K","4.37%"
"Mar 10, 2022","2.8763","2.9233","3.0583","2.8663","11.20K","-2.06%"
"Mar 09, 2022","2.9368","3.3033","3.3297","2.8247","11.11K","-10.77%"
"Mar 08, 2022","3.2914","3.2909","3.3963","3.1785","18.69K","1.77%"
"Mar 07, 2022","3.2340","3.3500","3.4017","3.1901","11.28K","-15.16%"
"Mar 06, 2022","3.8118","3.8133","3.8209","3.7512","-","20.06%"
"Mar 04, 2022","3.1750","2.9652","3.1847","2.9652","13.52K","6.89%"
"Mar 03, 2022","2.9704","3.0680","3.1311","2.9448","8.81K","-0.81%"
"Mar 02, 2022","2.9946","2.8805","3.0191","2.8624","13.86K","5.45%"
"Mar 01, 2022","2.8399","2.7448","2.8818","2.7448","13.57K","3.83%"
"Feb 28, 2022","2.7352","2.8047","2.8100","2.7326","6.83K","-8.41%"
"Feb 27, 2022","2.9862","3.0190","3.0278","2.9714","-","10.98%"
"Feb 25, 2022","2.6907","2.7685","2.7750","2.6762","5.06K","-1.26%"
"Feb 24, 2022","2.7251","2.7250","2.8739","2.7200","12.34K","0.41%"
"Feb 23, 2022","2.7141","2.7018","2.7500","2.6800","5.19K","0.90%"
"Feb 22, 2022","2.6900","2.6600","2.7529","2.6409","6.07K","-6.68%"
"Feb 21, 2022","2.8826","2.8505","2.9003","2.7934","-","1.13%"
"Feb 20, 2022","2.8505","2.8466","2.8518","2.8464","-","7.40%"
"Feb 18, 2022","2.6540","2.6305","2.6670","2.5840","4.96K","0.82%"
"Feb 17, 2022","2.6325","2.6120","2.6600","2.5976","7.19K","-1.00%"
"Feb 16, 2022","2.6590","2.6430","2.6810","2.6017","8.47K","1.05%"
"Feb 15, 2022","2.6314","2.7018","2.7018","2.6100","4.66K","-2.91%"
"Feb 14, 2022","2.7103","2.7000","2.7150","2.6500","5.99K","-1.58%"
"Feb 13, 2022","2.7538","2.7456","2.7557","2.7423","-","2.69%"
"Feb 11, 2022","2.6817","2.6130","2.7000","2.6130","10.77K","2.22%"
"Feb 10, 2022","2.6234","2.6219","2.6574","2.6082","5.12K","0.18%"
"Feb 09, 2022","2.6188","2.6028","2.6277","2.5815","6.14K","1.34%"
"Feb 08, 2022","2.5841","2.6370","2.6370","2.5672","5.33K","-1.66%"
"Feb 07, 2022","2.6276","2.6075","2.6450","2.6075","4.14K","-2.43%"
"Feb 06, 2022","2.6930","2.6841","2.6959","2.6793","-","2.68%"
"Feb 04, 2022","2.6227","2.5821","2.6306","2.5821","5.59K","1.46%"
"Feb 03, 2022","2.5849","2.5550","2.5861","2.5292","6.17K","1.06%"
"Feb 02, 2022","2.5577","2.5430","2.5650","2.5250","6.37K","0.92%"
"Feb 01, 2022","2.5345","2.5350","2.5500","2.5057","5.05K","0.28%"
"Jan 31, 2022","2.5275","2.5250","2.5324","2.5132","4.04K","-1.23%"
"Jan 30, 2022","2.5590","2.5577","2.5610","2.5552","-","1.72%"
"Jan 28, 2022","2.5158","2.5300","2.5400","2.5147","6.08K","0.20%"
"Jan 27, 2022","2.5107","2.5002","2.5489","2.4986","5.57K","-0.09%"
"Jan 26, 2022","2.5129","2.4890","2.5200","2.4890","2.93K","1.79%"
"Jan 25, 2022","2.4687","2.4303","2.4707","2.4302","3.14K","1.99%"
"Jan 24, 2022","2.4206","2.4132","2.4235","2.3925","2.42K","-1.80%"
"Jan 23, 2022","2.4649","2.4451","2.4649","2.4426","-","0.27%"
"Jan 21, 2022","2.4583","2.4420","2.4693","2.4180","2.02K","-0.69%"
"Jan 20, 2022","2.4753","2.4531","2.4950","2.4460","4.74K","0.19%"
"Jan 19, 2022","2.4706","2.4850","2.4880","2.4540","4.37K","0.59%"
"Jan 18, 2022","2.4560","2.4380","2.4800","2.4288","5.36K","0.98%"
"Jan 17, 2022","2.4322","2.4289","2.4348","2.4078","-","0.13%"
"Jan 16, 2022","2.4291","2.4250","2.4333","2.4250","-","-0.39%"
"Jan 14, 2022","2.4386","2.4008","2.4450","2.4008","3.04K","1.23%"
"Jan 13, 2022","2.4089","2.4135","2.4172","2.3940","4.72K","-0.10%"
"Jan 12, 2022","2.4114","2.3900","2.4150","2.3820","6.46K","0.84%"
"Jan 11, 2022","2.3913","2.3288","2.3950","2.3288","4.90K","2.80%"
"Jan 10, 2022","2.3262","2.3490","2.3490","2.3180","4.88K","1.32%"
"Jan 09, 2022","2.2960","2.3020","2.3070","2.2910","-","-2.03%"
"Jan 07, 2022","2.3436","2.3570","2.3675","2.3360","4.13K","-0.03%"
"Jan 06, 2022","2.3442","2.3010","2.3575","2.2960","2.44K","0.73%"
"Jan 05, 2022","2.3272","2.3125","2.3375","2.2970","3.29K","0.67%"
"Jan 04, 2022","2.3117","2.3096","2.3225","2.2995","2.21K","1.19%"
"Jan 03, 2022","2.2845","2.2550","2.2941","2.2450","0.82K","2.09%"
"Jan 02, 2022","2.2377","2.2317","2.2407","2.2308","-","-0.64%"
"Dec 31, 2021","2.2522","2.2850","2.3025","2.2450","1.12K","-2.47%"
"Dec 30, 2021","2.3092","2.2918","2.3079","2.2900","0.80K","0.68%"
"Dec 29, 2021","2.2937","2.2699","2.2928","2.2692","1.11K","0.67%"
"Dec 28, 2021","2.2784","2.2793","2.2798","2.2677","0.53K","0.73%"
"Dec 27, 2021","2.2620","2.2203","2.2206","2.2190","0.91K","2.83%"
"Dec 26, 2021","2.1997","2.1933","2.2019","2.1933","-","-1.11%"
"Dec 23, 2021","2.2245","2.2030","2.2224","2.2030","1.69K","1.25%"
"Dec 22, 2021","2.1971","2.1710","2.2050","2.1710","2.45K","1.15%"
"Dec 21, 2021","2.1721","2.1245","2.1504","2.1007","1.57K","3.07%"
"Dec 20, 2021","2.1074","2.0994","2.1018","2.0541","1.78K","0.43%"
"Dec 19, 2021","2.0983","2.1016","2.1035","2.0897","-","-2.26%"
"Dec 17, 2021","2.1469","2.1571","2.1583","2.1253","1.88K","-2.15%"
"Dec 16, 2021","2.1941","2.1668","2.1948","2.1569","1.10K","1.99%"
"Dec 15, 2021","2.1512","2.1339","2.1529","2.1189","1.85K","0.13%"
"Dec 14, 2021","2.1485","2.1825","2.1825","2.1314","2.07K","-0.65%"
"Dec 13, 2021","2.1626","2.1813","2.1813","2.1726","2.26K","0.32%"
"Dec 12, 2021","2.1557","2.1483","2.1564","2.1475","-","-1.17%"
"Dec 10, 2021","2.1813","2.1837","2.1906","2.1837","1.88K","0.49%"
"Dec 09, 2021","2.1706","2.1719","2.1847","2.1555","2.10K","-0.78%"
"Dec 08, 2021","2.1877","2.1744","2.1805","2.1651","2.25K","2.05%"
"Dec 07, 2021","2.1437","2.1175","2.1516","2.1175","3.53K","2.67%"
"Dec 06, 2021","2.0879","2.0536","2.0881","2.0536","1.83K","5.19%"
"Dec 05, 2021","1.9849","1.9823","1.9867","1.9810","-","-1.35%"
"Dec 03, 2021","2.0121","2.0453","2.0567","2.0002","2.21K","-0.29%"
"Dec 02, 2021","2.0179","2.0381","2.0421","1.9835","4.03K","0.31%"
"Dec 01, 2021","2.0116","2.0526","2.0634","2.0048","2.58K","0.26%"
"Nov 30, 2021","2.0064","2.0482","2.0535","1.9869","1.82K","-4.23%"
"Nov 29, 2021","2.0951","2.1380","2.1380","2.0822","1.16K","1.26%"
"Nov 28, 2021","2.0691","2.0575","2.0691","2.0435","-","1.24%"
"Nov 26, 2021","2.0438","2.0850","2.0869","2.0515","1.69K","-10.98%"
"Nov 25, 2021","2.2960","2.3171","2.3236","2.2950","-","0.41%"
"Nov 24, 2021","2.2867","2.2955","2.2955","2.2871","0.49K","-0.39%"
"Nov 23, 2021","2.2957","2.2423","2.2872","2.2423","5.76K","2.82%"
"Nov 22, 2021","2.2328","2.2157","2.2236","2.2150","0.69K","1.38%"
"Nov 21, 2021","2.2025","2.2040","2.2040","2.1845","-","0.41%"
"Nov 19, 2021","2.1936","2.1972","2.2060","2.1862","2.09K","-2.91%"
"Nov 18, 2021","2.2593","2.2502","2.2539","2.2369","1.57K","0.66%"
"Nov 17, 2021","2.2444","2.2386","2.2475","2.2374","0.52K","-2.09%"
"Nov 16, 2021","2.2922","2.2920","2.2941","2.2762","0.87K","0.38%"
"Nov 15, 2021","2.2836","2.2913","2.3224","2.2913","1.91K","-1.55%"
"Nov 14, 2021","2.3195","2.3165","2.3255","2.3150","-","1.67%"
"Nov 12, 2021","2.2813","2.2814","2.2886","2.2814","0.85K","-0.68%"
"Nov 11, 2021","2.2970","2.3082","2.3374","2.3082","0.88K","0.60%"
"Nov 10, 2021","2.2833","2.3164","2.3164","2.3164","1.33K","-2.39%"
"Nov 09, 2021","2.3393","2.3227","2.3411","2.3227","1.33K","1.46%"
"Nov 08, 2021","2.3057","2.3006","2.3109","2.3006","1.17K","-0.49%"
"Nov 07, 2021","2.3170","2.3105","2.3210","2.3105","-","0.65%"
"Nov 05, 2021","2.3021","2.2679","2.3038","2.2679","1.11K","1.94%"
"Nov 04, 2021","2.2582","2.2901","2.2901","2.2753","1.07K","-0.83%"
"Nov 03, 2021","2.2771","2.2656","2.2656","2.2656","1.52K","-2.76%"
"Nov 02, 2021","2.3417","2.3304","2.3340","2.3304","0.54K","0.43%"
"Nov 01, 2021","2.3317","2.3301","2.3301","2.3216","1.11K","-0.80%"
"Oct 31, 2021","2.3505","2.3610","2.3615","2.3452","-","1.93%"
"Oct 29, 2021","2.3059","2.2944","2.3160","2.2872","0.81K","-0.09%"
"Oct 28, 2021","2.3080","2.3143","2.3143","2.3143","0.36K","-0.80%"
"Oct 27, 2021","2.3265","2.3390","2.3390","2.3293","0.50K","-1.76%"
"Oct 26, 2021","2.3683","2.3635","2.3725","2.3635","0.42K","0.18%"
"Oct 25, 2021","2.3640","2.3661","2.3661","2.3599","0.80K","-2.27%"
"Oct 24, 2021","2.4190","2.4225","2.4255","2.4150","-","3.11%"
"Oct 22, 2021","2.3461","2.3723","2.3731","2.3442","0.80K","-0.51%"
"Oct 21, 2021","2.3582","2.3731","2.3731","2.3731","0.65K","-1.45%"
"Oct 20, 2021","2.3930","2.3707","2.4256","2.3707","0.43K","1.09%"
"Oct 19, 2021","2.3673","2.3666","2.3666","2.3663","1.83K","0.17%"
"Oct 18, 2021","2.3632","2.3744","2.3744","2.3697","0.61K","-5.32%"
"Oct 17, 2021","2.4959","2.4785","2.4990","2.4785","-","5.10%"
"Oct 15, 2021","2.3747","2.4022","2.4074","2.3857","0.64K","0.73%"
"Oct 14, 2021","2.3574","2.3454","2.3568","2.3454","0.35K","0.62%"
"Oct 13, 2021","2.3428","2.3132","2.3132","2.3115","0.59K","0.48%"
"Oct 12, 2021","2.3316","2.3323","2.3323","2.3323","0.37K","0.09%"
"Oct 11, 2021","2.3296","2.3340","2.3344","2.3287","0.52K","-1.68%"
"Oct 10, 2021","2.3695","2.3700","2.3830","2.3693","-","2.62%"
"Oct 08, 2021","2.3090","2.3135","2.3218","2.3135","0.69K","0.36%"
"Oct 07, 2021","2.3008","2.2600","2.3070","2.2600","0.42K","0.80%"
"Oct 06, 2021","2.2825","2.2995","2.2995","2.2830","1.14K","-1.74%"
"Oct 05, 2021","2.3230","2.3043","2.3210","2.3042","1.87K","1.69%"
"Oct 04, 2021","2.2845","2.2538","2.2864","2.2538","1.33K","1.83%"
"Oct 03, 2021","2.2435","2.2445","2.2550","2.2414","-","0.35%"
"Oct 01, 2021","2.2356","2.1973","2.2355","2.1973","1.62K","2.10%"
"Sep 30, 2021","2.1897","2.1536","2.2063","2.1536","0.74K","0.59%"
"Sep 29, 2021","2.1768","2.1550","2.1550","2.1549","0.39K","0.70%"
"Sep 28, 2021","2.1617","2.1926","2.1926","2.1926","0.08K","-0.38%"
"Sep 27, 2021","2.1699","2.1726","2.1962","2.1726","0.13K","1.07%"
"Sep 26, 2021","2.1470","2.1350","2.1471","2.1350","-","0.70%"
"Sep 24, 2021","2.1321","2.1073","2.1310","2.1055","0.37K","0.39%"
"Sep 23, 2021","2.1238","2.0876","2.0876","2.0865","0.05K","1.15%"
"Sep 22, 2021","2.0996","2.0921","2.0933","2.0921","0.33K","1.33%"
"Sep 21, 2021","2.0721","2.0756","2.0808","2.0739","0.12K","0.62%"
"Sep 20, 2021","2.0593","2.0680","2.0730","2.0680","0.06K","-5.08%"
"Sep 19, 2021","2.1695","2.1760","2.1785","2.1655","-","3.02%"
"Sep 17, 2021","2.1060","2.0999","2.0999","2.0999","0.03K","-0.77%"
"Sep 16, 2021","2.1224","2.1454","2.1454","2.1346","0.21K","-0.31%"
"Sep 15, 2021","2.1289","2.1474","2.1474","2.1350","0.38K","0.95%"
"Sep 14, 2021","2.1089","2.1208","2.1208","2.1208","0.10K","0.04%"
"Sep 13, 2021","2.1080","2.1133","2.1133","2.1133","0.09K","-2.68%"
"Sep 12, 2021","2.1660","2.1515","2.1688","2.1488","-","3.04%"
"Sep 10, 2021","2.1021","2.0972","2.0989","2.0972","0.13K","1.95%"
"Sep 09, 2021","2.0619","2.0564","2.0564","2.0553","0.12K","-1.24%"
"Sep 08, 2021","2.0878","2.0919","2.0919","2.0896","0.10K","0.89%"
"Sep 07, 2021","2.0693","2.0574","2.0611","2.0560","0.12K","-3.64%"
"Sep 06, 2021","2.1475","2.1345","2.1645","2.1210","-","0.56%"
"Sep 05, 2021","2.1355","2.1500","2.1530","2.1350","-","2.16%"
"Sep 03, 2021","2.0903","2.1022","2.1022","2.1018","0.12K","-0.31%"
"Sep 02, 2021","2.0969","2.0797","2.0797","2.0797","0.18K","1.33%"
"Sep 01, 2021","2.0693","2.1214","2.1214","2.0763","0.09K","0.19%"
"Aug 31, 2021","2.0653","2.0548","2.0548","2.0548","0.08K","-0.25%"
"Aug 30, 2021","2.0705","2.0693","2.0693","2.0577","0.05K","-4.54%"
"Aug 29, 2021","2.1690","2.1780","2.1995","2.1610","-","5.46%"
"Aug 27, 2021","2.0568","2.0492","2.0492","2.0492","0.02K","1.49%"
"Aug 26, 2021","2.0267","2.0498","2.0547","2.0498","0.04K","-1.96%"
"Aug 25, 2021","2.0673","2.0493","2.0493","2.0377","0.06K","2.20%"
"Aug 24, 2021","2.0228","1.9817","1.9817","1.9817","0.03K","3.07%"
"Aug 23, 2021","1.9626","1.9465","1.9465","1.9465","0.05K","-2.67%"
"Aug 22, 2021","2.0165","2.0075","2.0205","2.0075","-","7.28%"
"Aug 20, 2021","1.8796","1.9015","1.9060","1.9015","0.46K","-3.18%"
"Aug 19, 2021","1.9413","1.9416","1.9416","1.9355","0.25K","-2.43%"
"Aug 18, 2021","1.9897","2.0222","2.0222","2.0222","0.07K","-0.91%"
"Aug 17, 2021","2.0079","2.0254","2.0254","2.0254","0.03K","-0.81%"
"Aug 16, 2021","2.0243","2.0375","2.0605","2.0321","0.11K","-10.17%"
"Aug 15, 2021","2.2535","2.2475","2.2585","2.2445","-","9.48%"
"Aug 13, 2021","2.0583","2.0672","2.0672","2.0672","0.02K","-0.65%"
"Aug 12, 2021","2.0717","2.0670","2.0719","2.0670","0.06K","-0.38%"
"Aug 11, 2021","2.0796","2.0318","2.0318","2.0318","0.08K","1.27%"
"Aug 10, 2021","2.0536","2.0362","2.0362","2.0362","0.14K","1.67%"
"Aug 09, 2021","2.0199","2.0150","2.0150","2.0150","0.06K","-9.38%"
"Aug 08, 2021","2.2290","2.2465","2.2465","2.2162","-","8.18%"
"Aug 06, 2021","2.0605","2.0849","2.0849","2.0849","0.02K","-0.65%"
"Aug 05, 2021","2.0740","2.0413","2.0419","2.0413","0.02K","1.25%"
"Aug 04, 2021","2.0483","2.0809","2.0809","2.0749","0.01K","-1.50%"
"Aug 03, 2021","2.0795","2.0892","2.0892","2.0732","0.06K","0.00%"
"Aug 02, 2021","2.0794","2.0705","2.0705","2.0698","0.05K","-10.64%"
"Aug 01, 2021","2.3270","2.3275","2.3347","2.3269","-","8.94%"
"Jul 30, 2021","2.1360","2.1490","2.1690","2.1490","0.04K","0.26%"
"Jul 29, 2021","2.1304","2.1295","2.1494","2.1284","0.04K","1.52%"
"Jul 28, 2021","2.0985","2.1188","2.1188","2.1188","0.06K","0.59%"
"Jul 27, 2021","2.0862","2.1122","2.1148","2.1122","0.06K","0.18%"
"Jul 26, 2021","2.0824","2.1027","2.1027","2.0971","0.15K","-8.22%"
"Jul 25, 2021","2.2690","2.2650","2.2715","2.2650","-","9.25%"
"Jul 23, 2021","2.0769","2.0700","2.0700","2.0700","0.01K","0.40%"
"Jul 22, 2021","2.0686","2.0691","2.0701","2.0691","0.12K","1.56%"
"Jul 21, 2021","2.0369","2.0181","2.0575","2.0181","0.11K","3.40%"
"Jul 20, 2021","1.9700","1.9773","1.9927","1.9773","0.12K","0.95%"
"Jul 19, 2021","1.9514","2.0406","2.0406","2.0406","0.24K","-12.90%"
"Jul 18, 2021","2.2405","2.2370","2.2465","2.2292","-","7.78%"
"Jul 16, 2021","2.0787","2.1081","2.1088","2.1080","0.10K","0.43%"
"Jul 15, 2021","2.0699","2.1009","2.1058","2.1009","0.14K","-1.33%"
"Jul 14, 2021","2.0978","2.1539","2.1539","2.1088","0.15K","-1.69%"
"Jul 13, 2021","2.1338","2.1112","2.1112","2.1112","0.00K","1.72%"
"Jul 12, 2021","2.0977","2.1076","2.1076","2.1076","0.05K","-0.23%"
"Jul 09, 2021","2.1026","2.1089","2.1305","2.1089","0.04K","1.39%"
"Jul 08, 2021","2.0738","2.0375","2.0375","2.0375","0.04K","1.34%"
"Jul 07, 2021","2.0464","2.0301","2.0427","2.0301","0.23K","-0.56%"
"Jul 06, 2021","2.0579","2.1447","2.1447","2.0840","0.17K","-11.11%"
"Jul 05, 2021","2.3150","2.2995","2.3175","2.2904","-","0.67%"
"Jul 04, 2021","2.2995","2.3020","2.3036","2.2987","-","8.01%"
"Jul 02, 2021","2.1290","2.1535","2.1535","2.1535","0.13K","1.18%"
"Jul 01, 2021","2.1041","2.1598","2.1637","2.1348","0.00K","0.88%"
"Jun 30, 2021","2.0857","2.1316","2.1316","2.1222","0.01K","0.01%"
"Jun 29, 2021","2.0855","2.2193","2.2480","2.2136","0.00K","0.68%"
"Jun 28, 2021","2.0714","2.1363","2.1363","2.1198","0.01K","-8.28%"
"Jun 27, 2021","2.2585","2.2607","2.2610","2.2580","-","7.85%"
"Jun 25, 2021","2.0941","2.1418","2.1418","2.1418","0.00K","-0.96%"
"Jun 24, 2021","2.1145","2.1413","2.1413","2.1413","0.01K","0.16%"
"Jun 23, 2021","2.1111","2.1577","2.1577","2.1577","0.03K","1.29%"
"Jun 22, 2021","2.0843","2.1270","2.1372","2.1270","0.06K","0.64%"
"Jun 21, 2021","2.0711","2.1112","2.1112","2.1112","0.11K","-5.06%"
"Jun 20, 2021","2.1815","2.1615","2.1828","2.1610","-","6.66%"
"Jun 18, 2021","2.0452","2.0770","2.0880","2.0770","0.11K","1.67%"
"Jun 17, 2021","2.0116","2.0265","2.0265","2.0265","0.55K","-1.79%"
"Jun 16, 2021","2.0483","2.0710","2.0710","2.0710","0.00K","-0.60%"
"Jun 15, 2021","2.0606","2.0950","2.0950","2.0950","0.00K","-0.06%"
"Jun 14, 2021","2.0618","2.1214","2.1214","2.1027","0.00K","-5.92%"
"Jun 13, 2021","2.1915","2.1815","2.1945","2.1815","-","5.98%"
"Jun 11, 2021","2.0679","2.1141","2.1182","2.1045","0.01K","-0.91%"
"Jun 10, 2021","2.0868","2.1408","2.1440","2.1408","0.12K","0.29%"
"Jun 09, 2021","2.0808","2.1449","2.1449","2.1203","0.01K","-0.64%"
"Jun 08, 2021","2.0942","2.1186","2.1369","2.1186","0.00K","1.10%"
"Jun 07, 2021","2.0715","2.1267","2.1267","2.1212","0.03K","-6.33%"
"Jun 06, 2021","2.2115","2.2045","2.2120","2.2035","-","6.40%"
"Jun 04, 2021","2.0784","2.1394","2.1394","2.1394","0.01K","0.51%"
"Jun 03, 2021","2.0679","2.1090","2.1119","2.1090","0.00K","0.16%"
"Jun 02, 2021","2.0645","2.0856","2.0856","2.0856","0.00K","1.22%"
"Jun 01, 2021","2.0396","2.1072","2.1072","2.0792","0.01K","-5.00%"
"May 31, 2021","2.1470","2.1390","2.1635","2.1325","-","0.37%"
"May 30, 2021","2.1390","2.1425","2.1450","2.1375","-","6.71%"
"May 28, 2021","2.0045","2.0562","2.0562","2.0562","0.01K","-0.87%"
"May 27, 2021","2.0221","2.0759","2.0759","2.0759","0.16K","0.34%"
"May 26, 2021","2.0153","2.0610","2.0610","2.0610","0.01K","0.80%"
"May 25, 2021","1.9994","2.0000","2.0000","2.0000","0.01K","0.16%"
"May 24, 2021","1.9963","2.0237","2.0420","2.0237","0.01K","-3.70%"
"May 23, 2021","2.0730","2.0755","2.0780","2.0710","-","6.48%"
"May 21, 2021","1.9468","1.9843","2.0067","1.9843","0.02K","1.95%"
"May 20, 2021","1.9095","1.9770","1.9772","1.9584","0.03K","-1.57%"
"May 19, 2021","1.9399","1.9850","1.9850","1.9850","0.00K","-2.40%"
"May 18, 2021","1.9876","2.0412","2.0486","2.0245","0.08K","-0.09%"
"May 17, 2021","1.9894","2.0162","2.0362","2.0021","0.04K","-6.82%"
"May 16, 2021","2.1351","2.1283","2.1398","2.1281","-","8.39%"
"May 14, 2021","1.9699","2.0039","2.0150","2.0020","0.00K","1.23%"
"May 13, 2021","1.9459","2.0093","2.0093","1.9744","0.01K","-2.56%"
"May 12, 2021","1.9970","2.0579","2.0579","2.0365","0.01K","0.85%"
"May 11, 2021","1.9801","1.9800","1.9800","1.9800","0.03K","0.53%"
"May 10, 2021","1.9697","2.0101","2.0101","2.0101","0.04K","-9.01%"
"May 09, 2021","2.1647","2.1843","2.1852","2.1559","-","10.20%"
"May 07, 2021","1.9643","1.9832","2.0151","1.9821","0.01K","0.97%"
"May 06, 2021","1.9454","1.9921","1.9991","1.9912","0.01K","-0.76%"
"May 05, 2021","1.9603","2.0224","2.0250","2.0105","0.01K","0.21%"
"May 04, 2021","1.9562","1.9890","2.0134","1.9859","0.09K","2.01%"
"May 03, 2021","1.9177","1.9547","1.9714","1.9540","0.02K","-7.96%"
"May 02, 2021","2.0836","2.0756","2.0842","2.0756","-","10.07%"
"Apr 30, 2021","1.8929","2.0979","2.0979","2.0543","0.03K","-1.47%"
"Apr 29, 2021","1.9212","1.9635","1.9690","1.9585","0.06K","0.99%"
"Apr 28, 2021","1.9024","1.9363","1.9480","1.9363","0.02K","1.35%"
"Apr 27, 2021","1.8770","1.9050","1.9150","1.9046","0.00K","1.40%"
"Apr 26, 2021","1.8511","1.8957","1.8957","1.8949","0.00K","-7.38%"
"Apr 25, 2021","1.9986","2.0040","2.0077","1.9986","-","7.84%"
"Apr 23, 2021","1.8533","1.8884","1.8934","1.8866","0.00K","1.38%"
"Apr 22, 2021","1.8281","1.8550","1.8550","1.8550","0.00K","-0.04%"
"Apr 21, 2021","1.8288","1.8719","1.8719","1.8709","0.00K","-1.07%"
"Apr 20, 2021","1.8485","1.8877","1.8891","1.8872","0.01K","-1.04%"
"Apr 19, 2021","1.8679","1.8979","1.8979","1.8979","0.01K","-8.17%"
"Apr 18, 2021","2.0340","2.0395","2.0400","2.0331","-","9.02%"
"Apr 16, 2021","1.8657","1.9139","1.9172","1.9139","0.01K","-0.32%"
"Apr 15, 2021","1.8717","1.9184","1.9186","1.9184","0.02K","-0.34%"
"Apr 14, 2021","1.8781","1.9174","1.9175","1.9174","0.02K","2.52%"
"Apr 13, 2021","1.8319","1.8656","1.8656","1.8656","0.03K","0.50%"
"Apr 12, 2021","1.8228","1.8640","1.8690","1.8596","0.00K","-7.38%"
"Apr 11, 2021","1.9680","1.9665","1.9690","1.9649","-","8.44%"
"Apr 09, 2021","1.8149","1.8475","1.8557","1.8471","0.18K","0.18%"
"Apr 08, 2021","1.8117","1.8470","1.8470","1.8460","0.06K","-0.03%"
"Apr 07, 2021","1.8122","1.8150","1.8150","1.8150","0.00K","-0.15%"
"Apr 06, 2021","1.8149","1.8700","1.8700","1.8533","0.00K","0.82%"
"Apr 05, 2021","1.8002","1.8500","1.8505","1.8491","0.00K","-10.50%"
"Apr 04, 2021","2.0114","2.0006","2.0147","2.0006","-","8.83%"
"Apr 01, 2021","1.8482","1.9649","2.0360","1.9550","72.13K","2.96%"
"Mar 31, 2021","1.7951","1.8534","1.8534","1.8457","0.00K","-0.97%"
"Mar 30, 2021","1.8127","1.8515","1.8519","1.8515","0.01K","-0.74%"
"Mar 29, 2021","1.8262","1.8505","1.8558","1.8481","0.01K","-7.62%"
"Mar 28, 2021","1.9769","1.9706","1.9779","1.9636","-","8.78%"
"Mar 26, 2021","1.8173","1.8231","1.8493","1.8231","0.02K","2.44%"
"Mar 25, 2021","1.7741","1.7675","1.7675","1.7675","0.00K","-3.00%"
"Mar 24, 2021","1.8290","1.8500","1.8500","1.8500","0.00K","3.59%"
"Mar 23, 2021","1.7656","1.8155","1.8155","1.7878","0.00K","-2.67%"
"Mar 22, 2021","1.8140","1.8319","1.8376","1.8319","0.03K","-5.89%"
"Mar 21, 2021","1.9275","1.9415","1.9450","1.9268","-","6.70%"
"Mar 19, 2021","1.8064","1.8322","1.8322","1.8322","0.01K","0.67%"
"Mar 18, 2021","1.7943","1.8890","1.8922","1.8334","0.00K","-4.21%"
"Mar 17, 2021","1.8731","1.9007","1.9007","1.8925","0.14K","-0.05%"
"Mar 16, 2021","1.8740","1.9090","1.9090","1.9080","0.02K","0.03%"
"Mar 15, 2021","1.8735","1.9075","1.9075","1.9075","0.00K","-13.28%"
"Mar 14, 2021","2.1605","2.1485","2.1646","2.1465","-","14.45%"
"Mar 12, 2021","1.8878","1.9000","1.9000","1.8800","0.01K","-0.04%"
"Mar 11, 2021","1.8885","1.9123","1.9243","1.9100","0.33K","1.79%"
"Mar 10, 2021","1.8552","1.8854","1.8907","1.8801","0.18K","0.88%"
"Mar 09, 2021","1.8390","1.8800","1.8800","1.8800","0.00K","-0.14%"
"Mar 08, 2021","1.8415","1.8975","1.8975","1.8975","0.00K","-11.85%"
"Mar 07, 2021","2.0890","2.0830","2.1115","2.0830","-","12.89%"
"Mar 05, 2021","1.8504","1.8660","1.8765","1.8660","0.00K","2.40%"
"Mar 04, 2021","1.8071","1.8650","1.8650","1.8650","0.02K","2.59%"
"Mar 03, 2021","1.7615","1.7750","1.7750","1.7750","0.24K","1.69%"
"Mar 02, 2021","1.7323","1.7730","1.7867","1.7730","0.01K","-0.20%"
"Mar 01, 2021","1.7357","1.7898","1.7898","1.7898","0.00K","-12.18%"
"Feb 28, 2021","1.9765","1.9565","1.9775","1.9565","-","13.22%"
"Feb 26, 2021","1.7457","1.7850","1.7850","1.7850","0.02K","-2.01%"
"Feb 25, 2021","1.7815","1.8075","1.8075","1.8075","0.02K","0.20%"
"Feb 24, 2021","1.7779","1.8146","1.8146","1.8009","0.00K","1.28%"
"Feb 23, 2021","1.7554","1.8618","1.8722","1.8121","0.01K","0.37%"
"Feb 22, 2021","1.7489","1.7600","1.7701","1.7600","0.02K","-7.47%"
"Feb 21, 2021","1.8900","1.8745","1.8910","1.8725","-","10.35%"
"Feb 19, 2021","1.7127","1.7448","1.7450","1.7448","0.18K","-0.67%"
"Feb 18, 2021","1.7242","1.7523","1.7523","1.7523","0.01K","-0.13%"
"Feb 17, 2021","1.7264","1.7300","1.7300","1.7300","0.03K","0.84%"
"Feb 16, 2021","1.7120","1.7023","1.7927","1.7020","0.01K","-4.04%"
"Feb 15, 2021","1.7840","1.7090","1.7840","1.7075","-","4.34%"
"Feb 14, 2021","1.7098","1.7040","1.7202","1.7040","-","1.71%"
"Feb 12, 2021","1.6810","1.7130","1.7130","1.7130","0.01K","1.19%"
"Feb 11, 2021","1.6612","1.6948","1.6948","1.6895","0.10K","-0.30%"
"Feb 10, 2021","1.6662","1.6942","1.6961","1.6942","0.15K","0.09%"
"Feb 09, 2021","1.6647","1.6701","1.6701","1.6701","0.00K","0.68%"
"Feb 08, 2021","1.6534","1.6700","1.6700","1.6700","0.01K","-0.55%"
"Feb 07, 2021","1.6625","1.6540","1.6630","1.6525","-","2.18%"
"Feb 05, 2021","1.6270","1.6535","1.6732","1.6470","0.28K","0.27%"
"Feb 04, 2021","1.6226","1.6320","1.6320","1.6320","0.00K","0.53%"
"Feb 03, 2021","1.6141","1.6469","1.6469","1.6379","0.07K","0.98%"
"Feb 02, 2021","1.5985","1.6315","1.6315","1.6315","0.11K","1.38%"
"Feb 01, 2021","1.5768","1.6000","1.6000","1.6000","0.05K","1.54%"
"Jan 31, 2021","1.5529","1.5540","1.5540","1.5415","-","0.42%"
"Jan 29, 2021","1.5464","1.5900","1.5900","1.5900","0.00K","-0.44%"
"Jan 28, 2021","1.5533","1.5900","1.5900","1.5900","0.00K","-0.36%"
"Jan 27, 2021","1.5589","1.5687","1.5845","1.5687","0.04K","0.13%"
"Jan 26, 2021","1.5569","1.5605","1.5605","1.5605","0.00K","0.01%"
"Jan 25, 2021","1.5567","1.5419","1.5725","1.5328","0.06K","0.86%"
"Jan 24, 2021","1.5435","1.5390","1.5448","1.5380","-","-0.61%"
"Jan 22, 2021","1.5529","1.5700","1.5700","1.5656","0.00K","-1.13%"
"Jan 21, 2021","1.5707","1.5349","1.5515","1.5285","0.01K","0.40%"
"Jan 20, 2021","1.5645","1.5820","1.5820","1.5820","0.02K","0.03%"
"Jan 19, 2021","1.5641","1.5700","1.5700","1.5700","0.00K","2.60%"
"Jan 18, 2021","1.5245","1.5215","1.5265","1.5120","-","0.20%"
"Jan 17, 2021","1.5215","1.5170","1.5251","1.5170","-","-2.44%"
"Jan 15, 2021","1.5595","1.5728","1.5780","1.5728","0.01K","-0.98%"
"Jan 14, 2021","1.5750","1.5728","1.5728","1.5728","0.02K","1.12%"
"Jan 13, 2021","1.5575","1.5584","1.5756","1.5344","0.13K","-0.41%"
"Jan 12, 2021","1.5639","1.5205","1.5613","1.5192","65.32K","1.12%"
"Jan 11, 2021","1.5466","1.5600","1.5686","1.5599","0.01K","0.69%"
"Jan 10, 2021","1.5360","1.5480","1.5480","1.5345","-","-1.41%"
"Jan 08, 2021","1.5580","1.5770","1.5772","1.5770","0.03K","1.94%"
"Jan 07, 2021","1.5283","1.4703","1.4879","1.4641","0.00K","0.39%"
"Jan 06, 2021","1.5224","1.5340","1.5340","1.5340","0.01K","0.52%"
"Jan 05, 2021","1.5145","1.5300","1.5300","1.5300","0.01K","3.15%"
"Jan 04, 2021","1.4683","1.4085","1.4516","1.3620","71.98K","4.21%"
"Jan 03, 2021","1.4090","1.4055","1.4115","1.4020","-","-5.24%"
"Dec 31, 2020","1.4869","1.4931","1.4931","1.4876","0.02K","0.09%"
"Dec 30, 2020","1.4856","1.5012","1.5012","1.4953","0.01K","0.73%"
"Dec 29, 2020","1.4749","1.4920","1.4974","1.4920","0.01K","0.80%"
"Dec 28, 2020","1.4632","1.4850","1.4865","1.4840","0.04K","7.15%"
"Dec 27, 2020","1.3655","1.3715","1.3715","1.3555","-","-7.45%"
"Dec 24, 2020","1.4754","1.4820","1.4820","1.4820","0.00K","0.07%"
"Dec 23, 2020","1.4743","1.4764","1.4764","1.4764","0.00K","1.40%"
"Dec 22, 2020","1.4540","1.4680","1.4680","1.4640","0.01K","-1.12%"
"Dec 21, 2020","1.4705","1.4967","1.4967","1.4680","0.02K","6.75%"
"Dec 20, 2020","1.3775","1.3980","1.3985","1.3755","-","-7.66%"
"Dec 18, 2020","1.4917","1.3894","1.4018","1.3784","51.51K","0.64%"
"Dec 17, 2020","1.4822","1.4900","1.4972","1.4900","0.06K","1.08%"
"Dec 16, 2020","1.4663","1.3239","1.3597","1.3213","64.84K","0.80%"
"Dec 15, 2020","1.4547","1.3231","1.3346","1.3090","50.24K","0.63%"
"Dec 14, 2020","1.4456","1.4414","1.4421","1.4408","0.01K","10.31%"
"Dec 13, 2020","1.3105","1.3090","1.3135","1.3070","-","-8.84%"
"Dec 11, 2020","1.4376","1.3166","1.3265","1.2981","61.29K","-0.56%"
"Dec 10, 2020","1.4457","1.4684","1.4731","1.4555","0.00K","1.30%"
"Dec 09, 2020","1.4272","1.2580","1.2860","1.2495","76.87K","0.03%"
"Dec 08, 2020","1.4268","1.2520","1.2686","1.2384","59.14K","0.09%"
"Dec 07, 2020","1.4255","1.2645","1.2740","1.2438","0.00K","13.01%"
"Dec 06, 2020","1.2614","1.2620","1.2675","1.2613","-","-11.51%"
"Dec 04, 2020","1.4255","1.2625","1.2880","1.2588","0.02K","0.54%"
"Dec 03, 2020","1.4179","1.4270","1.4303","1.4182","0.07K","-0.35%"
"Dec 02, 2020","1.4229","1.4339","1.4434","1.4317","0.10K","0.63%"
"Dec 01, 2020","1.4140","1.4199","1.4286","1.4199","0.08K","-1.13%"
"Nov 30, 2020","1.4302","1.4285","1.4285","1.4285","0.01K","14.10%"
"Nov 29, 2020","1.2535","1.2580","1.2625","1.2465","-","-12.80%"
"Nov 27, 2020","1.4375","1.4462","1.4462","1.4385","0.00K","13.46%"
"Nov 26, 2020","1.2670","1.2885","1.2965","1.2583","-","-12.11%"
"Nov 25, 2020","1.4416","1.2577","1.2960","1.2564","0.00K","0.88%"
"Nov 24, 2020","1.4290","1.4162","1.4403","1.4162","0.00K","2.53%"
"Nov 23, 2020","1.3938","1.1785","1.2096","1.1773","0.16K","18.03%"
"Nov 22, 2020","1.1809","1.1800","1.1816","1.1780","-","-14.53%"
"Nov 20, 2020","1.3816","1.1650","1.1840","1.1589","0.06K","0.30%"
"Nov 19, 2020","1.3774","1.1545","1.1701","1.1423","34.31K","-0.18%"
"Nov 18, 2020","1.3799","1.1573","1.1785","1.1482","37.13K","0.67%"
"Nov 17, 2020","1.3707","1.1509","1.1598","1.1244","42.18K","-0.04%"
"Nov 16, 2020","1.3712","1.1250","1.1746","1.1231","0.00K","21.18%"
"Nov 15, 2020","1.1315","1.1260","1.1328","1.1229","-","-16.40%"
"Nov 13, 2020","1.3534","1.1503","1.1503","1.1178","64.49K","-1.69%"
"Nov 12, 2020","1.3766","1.1768","1.1854","1.1467","0.00K","-0.86%"
"Nov 11, 2020","1.3886","1.2007","1.2341","1.1729","0.01K","0.16%"
"Nov 10, 2020","1.3864","1.1530","1.2044","1.1395","0.04K","1.72%"
"Nov 09, 2020","1.3629","1.3755","1.3766","1.3755","0.04K","24.18%"
"Nov 08, 2020","1.0975","1.0900","1.0997","1.0842","-","-15.64%"
"Nov 06, 2020","1.3010","1.1140","1.1140","1.0757","0.01K","-2.16%"
"Nov 05, 2020","1.3297","1.1081","1.1185","1.0861","0.00K","-0.65%"
"Nov 04, 2020","1.3384","1.0817","1.1125","1.0610","0.00K","1.82%"
"Nov 03, 2020","1.3145","1.0590","1.0883","1.0411","0.01K","1.32%"
"Nov 02, 2020","1.2974","1.0215","1.0618","0.9702","0.05K","32.59%"
"Nov 01, 2020","0.9785","1.0140","1.0140","0.9705","-","-23.08%"
"Oct 30, 2020","1.2721","1.2580","1.2622","1.2580","0.03K","0.86%"
"Oct 29, 2020","1.2613","1.0830","1.1049","1.0215","0.10K","-2.31%"
"Oct 28, 2020","1.2911","1.3100","1.3100","1.3100","0.00K","-3.61%"
"Oct 27, 2020","1.3394","1.3369","1.3369","1.3369","0.01K","1.76%"
"Oct 26, 2020","1.3162","1.1335","1.1335","1.1067","24.46K","18.08%"
"Oct 25, 2020","1.1147","1.1240","1.1265","1.1090","-","-16.89%"
"Oct 23, 2020","1.3413","1.3550","1.3550","1.3443","0.01K","-1.60%"
"Oct 22, 2020","1.3631","1.3653","1.3653","1.3653","0.01K","1.11%"
"Oct 21, 2020","1.3481","1.3550","1.3550","1.3550","0.00K","-2.60%"
"Oct 20, 2020","1.3841","1.3812","1.3812","1.3812","0.01K","0.84%"
"Oct 19, 2020","1.3726","1.1650","1.1758","1.1554","36.18K","17.49%"
"Oct 18, 2020","1.1683","1.1648","1.1713","1.1646","-","-15.08%"
"Oct 16, 2020","1.3757","1.1803","1.1828","1.1422","41.16K","-0.66%"
"Oct 15, 2020","1.3849","1.3791","1.3791","1.3791","0.00K","-0.75%"
"Oct 14, 2020","1.3953","1.1780","1.2042","1.1651","47.25K","0.96%"
"Oct 13, 2020","1.3821","1.3840","1.3840","1.3800","0.00K","0.85%"
"Oct 12, 2020","1.3704","1.2082","1.2082","1.1678","59.94K","14.10%"
"Oct 11, 2020","1.2010","1.2011","1.2065","1.1999","-","-13.90%"
"Oct 09, 2020","1.3949","1.2338","1.2353","1.1977","72.48K","-0.93%"
"Oct 08, 2020","1.4080","1.2060","1.2376","1.2037","63.65K","1.84%"
"Oct 07, 2020","1.3825","1.2120","1.2236","1.1801","77.40K","-1.29%"
"Oct 06, 2020","1.4006","1.2012","1.2433","1.1952","0.00K","2.38%"
"Oct 05, 2020","1.3680","1.1274","1.2147","1.1224","0.00K","19.66%"
"Oct 04, 2020","1.1432","1.1283","1.1438","1.1283","-","-13.33%"
"Oct 02, 2020","1.3190","1.3200","1.3200","1.3200","0.00K","-2.53%"
"Oct 01, 2020","1.3532","1.1808","1.1888","1.1230","53.24K","-1.89%"
"Sep 30, 2020","1.3793","1.1902","1.2069","1.1741","4.24K","1.14%"
"Sep 29, 2020","1.3637","1.2510","1.2518","1.1856","22.45K","-2.34%"
"Sep 28, 2020","1.3964","1.4000","1.4000","1.4000","0.00K","17.57%"
"Sep 27, 2020","1.1877","1.1901","1.1923","1.1877","-","-14.41%"
"Sep 25, 2020","1.3877","1.1933","1.2165","1.1850","28.77K","-0.22%"
"Sep 24, 2020","1.3907","1.1751","1.1984","1.1626","20.47K","0.43%"
"Sep 23, 2020","1.3847","1.1744","1.2000","1.1647","31.48K","0.23%"
"Sep 22, 2020","1.3815","1.1863","1.1876","1.1521","22.91K","-0.16%"
"Sep 21, 2020","1.3837","1.2320","1.2360","1.1610","34.95K","13.79%"
"Sep 20, 2020","1.2160","1.2350","1.2350","1.2140","-","-14.68%"
"Sep 18, 2020","1.4253","1.2236","1.2382","1.2114","35.01K","-0.22%"
"Sep 17, 2020","1.4285","1.1952","1.2315","1.1732","0.00K","1.06%"
"Sep 16, 2020","1.4135","1.1331","1.1990","1.1292","66.08K","2.73%"
"Sep 15, 2020","1.3759","1.1102","1.1410","1.1004","52.75K","1.62%"
"Sep 14, 2020","1.3540","1.3564","1.3564","1.3564","0.00K","21.76%"
"Sep 13, 2020","1.1120","1.1020","1.1177","1.1015","-","-17.35%"
"Sep 11, 2020","1.3454","1.0884","1.1154","1.0755","0.03K","-0.34%"
"Sep 10, 2020","1.3500","1.3571","1.3571","1.3533","0.01K","-0.84%"
"Sep 09, 2020","1.3614","1.1049","1.1292","1.0933","64.78K","1.63%"
"Sep 08, 2020","1.3396","1.3230","1.3230","1.3230","0.00K","15.18%"
"Sep 07, 2020","1.1630","1.1555","1.1735","1.1545","-","0.74%"
"Sep 06, 2020","1.1545","1.1665","1.1670","1.1495","-","-17.28%"
"Sep 04, 2020","1.3957","1.2049","1.2104","1.1557","65.58K","-1.78%"
"Sep 03, 2020","1.4210","1.2020","1.2126","1.1748","51.28K","0.12%"
"Sep 02, 2020","1.4193","1.2359","1.2470","1.1924","60.64K","-1.51%"
"Sep 01, 2020","1.4410","1.2224","1.2444","1.2194","45.26K","0.72%"
"Aug 31, 2020","1.4307","1.3241","1.3245","1.2627","6.52K","14.59%"
"Aug 30, 2020","1.2485","1.2455","1.2486","1.2445","-","-13.60%"
"Aug 28, 2020","1.4451","1.2786","1.3188","1.2690","19.07K","1.15%"
"Aug 27, 2020","1.4287","1.3554","1.3743","1.2690","22.82K","-1.34%"
"Aug 26, 2020","1.4481","1.4000","1.4000","1.3264","39.69K","0.09%"
"Aug 25, 2020","1.4468","1.3701","1.4395","1.3631","0.00K","0.81%"
"Aug 24, 2020","1.4352","1.2943","1.3803","1.2943","43.53K","9.52%"
"Aug 23, 2020","1.3105","1.2755","1.3295","1.2755","-","-7.42%"
"Aug 21, 2020","1.4156","1.2981","1.3113","1.2552","35.31K","-1.26%"
"Aug 20, 2020","1.4337","1.4055","1.4055","1.4055","0.00K","-0.51%"
"Aug 19, 2020","1.4410","1.4411","1.4411","1.4411","0.00K","-0.06%"
"Aug 18, 2020","1.4418","1.2731","1.2844","1.2525","37.99K","0.31%"
"Aug 17, 2020","1.4374","1.2525","1.2915","1.2474","67.32K","12.25%"
"Aug 16, 2020","1.2805","1.2540","1.2840","1.2535","-","-9.79%"
"Aug 14, 2020","1.4195","1.2364","1.2530","1.2257","47.70K","0.79%"
"Aug 13, 2020","1.4084","1.2435","1.2496","1.2176","53.80K","-0.25%"
"Aug 12, 2020","1.4120","1.2096","1.2482","1.2067","54.24K","1.43%"
"Aug 11, 2020","1.3921","1.2321","1.2606","1.2015","0.01K","-0.69%"
"Aug 10, 2020","1.4018","1.2195","1.2491","1.2081","61.14K","15.51%"
"Aug 09, 2020","1.2136","1.2135","1.2185","1.2085","-","-12.41%"
"Aug 07, 2020","1.3856","1.2315","1.2378","1.1956","65.06K","-1.04%"
"Aug 06, 2020","1.4002","1.2230","1.2496","1.2139","41.36K","0.16%"
"Aug 05, 2020","1.3980","1.2116","1.2646","1.2092","43.88K","0.73%"
"Aug 04, 2020","1.3879","1.2131","1.2311","1.1887","45.08K","0.28%"
"Aug 03, 2020","1.3840","1.1740","1.2287","1.1557","63.32K","18.29%"
"Aug 02, 2020","1.1700","1.1760","1.1760","1.1650","-","-13.61%"
"Jul 31, 2020","1.3544","1.2370","1.2378","1.1748","5.22K","0.65%"
"Jul 30, 2020","1.3456","1.3350","1.3350","1.3350","0.00K","-1.54%"
"Jul 29, 2020","1.3667","1.2581","1.2687","1.2381","15.35K","-0.04%"
"Jul 28, 2020","1.3672","1.2762","1.2873","1.2520","21.55K","-0.26%"
"Jul 27, 2020","1.3707","1.2848","1.2880","1.2450","22.33K","9.44%"
"Jul 26, 2020","1.2525","1.2570","1.2585","1.2475","-","-8.56%"
"Jul 24, 2020","1.3698","1.2630","1.2900","1.2543","22.15K","1.32%"
"Jul 23, 2020","1.3519","1.3738","1.3738","1.3738","0.00K","-1.47%"
"Jul 22, 2020","1.3720","1.2775","1.2909","1.2621","23.98K","0.22%"
"Jul 21, 2020","1.3690","1.2265","1.2868","1.2235","28.51K","1.78%"
"Jul 20, 2020","1.3451","1.2245","1.2352","1.2014","30.82K","10.12%"
"Jul 19, 2020","1.2215","1.2220","1.2225","1.2175","-","-8.27%"
"Jul 17, 2020","1.3316","1.2339","1.2370","1.1939","0.00K","-0.39%"
"Jul 16, 2020","1.3368","1.3400","1.3400","1.3400","0.00K","-0.51%"
"Jul 15, 2020","1.3436","1.2573","1.2771","1.2448","0.00K","1.08%"
"Jul 14, 2020","1.3292","1.2491","1.2598","1.2170","0.01K","-0.75%"
"Jul 13, 2020","1.3393","1.2785","1.2913","1.2442","0.01K","5.79%"
"Jul 12, 2020","1.2660","1.2760","1.2793","1.2654","-","-6.55%"
"Jul 10, 2020","1.3548","1.2484","1.2911","1.2245","71.16K","1.41%"
"Jul 09, 2020","1.3359","1.2888","1.2954","1.2456","68.16K","-1.81%"
"Jul 08, 2020","1.3605","1.2702","1.2974","1.2641","65.79K","0.84%"
"Jul 07, 2020","1.3492","1.2444","1.2841","1.2286","0.01K","0.93%"
"Jul 06, 2020","1.3368","1.2528","1.2792","1.2318","61.36K","6.35%"
"Jul 05, 2020","1.2570","1.2455","1.2627","1.2455","-","0.92%"
"Jul 03, 2020","1.2455","1.2425","1.2550","1.2315","-","-6.98%"
"Jul 02, 2020","1.3390","1.2222","1.2625","1.2092","59.41K","1.99%"
"Jul 01, 2020","1.3129","1.2193","1.2497","1.1920","63.02K","0.98%"
"Jun 30, 2020","1.3002","1.1900","1.2182","1.1795","4.24K","-0.71%"
"Jun 29, 2020","1.3095","1.2800","1.2800","1.2800","0.00K","15.63%"
"Jun 28, 2020","1.1325","1.1355","1.1385","1.1285","-","-11.91%"